{"cameraMode":{"drawMode":0,"name":"Shaded","section":"Shading Mode"},"sceneLighting":false,"audioPlay":false,"sceneViewState":{"m_AlwaysRefresh":false,"showFog":true,"showSkybox":false,"showFlares":true,"showImageEffects":true,"showParticleSystems":true,"showVisualEffectGraphs":true,"m_FxEnabled":true},"in2DMode":false,"pivot":{"x":-24.121000289916993,"y":1.746000051498413,"z":-20.520000457763673},"rotation":{"x":0.16382436454296113,"y":-0.7562273144721985,"z":0.20684759318828584,"w":0.5988993048667908},"size":0.0866016298532486,"orthographic":false}