{"cameraMode":{"drawMode":0,"name":"Shaded","section":"Shading Mode"},"sceneLighting":true,"audioPlay":false,"sceneViewState":{"m_AlwaysRefresh":false,"showFog":true,"showSkybox":true,"showFlares":true,"showImageEffects":true,"showParticleSystems":true,"showVisualEffectGraphs":true,"m_FxEnabled":true},"in2DMode":false,"pivot":{"x":-49.67536926269531,"y":-29.843360900878908,"z":39.212642669677737},"rotation":{"x":0.1810373067855835,"y":0.7508594989776611,"z":-0.23148517310619355,"w":0.5917562246322632},"size":27.794645309448243,"orthographic":true}