{"cameraMode":{"drawMode":0,"name":"Shaded","section":"Shading Mode"},"sceneLighting":true,"audioPlay":false,"sceneViewState":{"m_AlwaysRefresh":false,"showFog":true,"showSkybox":true,"showFlares":true,"showImageEffects":true,"showParticleSystems":true,"showVisualEffectGraphs":true,"m_FxEnabled":false},"in2DMode":false,"pivot":{"x":-28.281841278076173,"y":1.1844134330749512,"z":-18.33102798461914},"rotation":{"x":0.02572733350098133,"y":-0.9741597175598145,"z":0.18288882076740266,"w":0.13129420578479768},"size":15.154702186584473,"orthographic":true}